[
        {  
            "Id"  : "101",
            "Name": "Subham",
            "Location": "Kolhapur",
            "Designation": "Software Engineer",

            "text": true,
            "input":false,
            "editButton" : "Edit",
            "deleteButton": "DELETE"
        },
        {  
            "Id"  : "102",
            "Name": "Sai",
            "Location": "Vizag",
            "Designation": "Associate Software Engineer",
            "text": true,
            "input":false,
            "editButton" : "Edit",
            
            "deleteButton": "DELETE"
        },
        {  
            "Id"  : "103",
            "Name": "Krishna",
            "Location": "Hyderabad",
            "Designation": "Manager",
            "text": true,
            "input":false,
            "editButton" : "Edit",
            
            "deleteButton": "DELETE"
        },
        {  
            "Id"  : "104",
            "Name": "Ram",
            "Location": "Pune",
            "Designation": "Senior Manager",
            "text": true,
            "input":false,
            "editButton" : "Edit",
            
            "deleteButton": "DELETE"
        },
        {  
            "Id"  : "105",
            "Name": "Hanu",
            "Location": "Hyderabad",
            "Designation": "Team Lead",
            "text": true,
            "input":false,
            "editButton" : "Edit",

            "deleteButton": "DELETE"
        }
    ]